study_hours_per_week,sleep_hours_per_day,attendance_percentage,assignments_completed,final_grade,participation_level_Low,participation_level_Medium,internet_access_Yes,parental_education_High School,parental_education_Master's,parental_education_PhD,extracurricular_Yes,part_time_job_Yes
0.5272301366129832,0.6852355095063283,0.9932445868260613,0.22222222222222227,71.1048973686686,0.0,1.0,1.0,0.0,0.0,0.0,1.0,0.0
0.42140039424924697,0.8818833280940261,0.8834779360712495,0.5555555555555556,62.24002056897754,0.0,1.0,1.0,0.0,0.0,0.0,0.0,0.0
0.5523925341278932,0.2202864852361719,0.6834691607742798,1.0,65.26885546697802,0.0,1.0,1.0,0.0,0.0,0.0,1.0,0.0
0.6982827538457819,0.6125938473381141,0.5200944918695045,0.22222222222222227,66.60992125033138,1.0,0.0,1.0,0.0,0.0,0.0,1.0,0.0
0.40541888199055515,0.3698714861756347,0.8311266213446076,0.3333333333333333,58.96748427829645,0.0,1.0,1.0,1.0,0.0,0.0,1.0,0.0
0.4054216182862476,0.4025749232470608,0.7606641631219673,0.5555555555555556,63.18345281572739,0.0,0.0,0.0,0.0,0.0,1.0,1.0,1.0
0.7076465803623431,0.38152121515222626,0.8766706200328396,0.8888888888888888,68.478047756727,0.0,1.0,1.0,0.0,1.0,0.0,0.0,1.0
0.5723502326365959,0.3272018460640369,0.8165476532728704,0.22222222222222227,61.12408911268622,0.0,1.0,1.0,0.0,0.0,0.0,1.0,0.0
0.36619871345528576,0.5097043255889655,0.912362106001745,0.3333333333333333,59.59878025980917,0.0,0.0,1.0,1.0,0.0,0.0,0.0,0.0
0.5348711183754387,0.33380997671779244,0.5459224778527298,0.44444444444444436,72.14665345263793,0.0,0.0,1.0,0.0,0.0,0.0,0.0,0.0
0.3672081623090341,0.5540913651559678,0.9742932219243574,0.7777777777777779,66.58014083945928,0.0,1.0,1.0,1.0,0.0,0.0,1.0,0.0
0.3668228188494016,0.48995237811017267,0.7153708393701503,0.44444444444444436,56.50582502649447,1.0,0.0,1.0,1.0,0.0,0.0,1.0,0.0
0.4847714897054501,0.4522103906267181,1.0000000000000004,0.5555555555555556,68.6936924501433,0.0,0.0,1.0,0.0,0.0,0.0,0.0,1.0
0.1255644036681448,0.31848726759168056,0.5103250739779246,0.6666666666666667,59.68224432092437,0.0,0.0,1.0,0.0,0.0,0.0,1.0,1.0
0.15695813902560563,0.3846457338863336,1.0000000000000004,0.44444444444444436,63.46567993660338,0.0,0.0,1.0,0.0,0.0,0.0,0.0,0.0
0.3507298562376157,0.6510782451651513,0.7154427911000467,0.44444444444444436,69.1501451455683,0.0,0.0,1.0,1.0,0.0,0.0,1.0,0.0
0.27563925772204045,0.6001834375248762,0.5190583287792592,0.5555555555555556,58.899195816561885,0.0,1.0,1.0,0.0,0.0,0.0,1.0,0.0
0.49681899987699,0.30448895104028995,0.5577956417505123,0.8888888888888888,61.90227642508853,0.0,1.0,1.0,1.0,0.0,0.0,1.0,1.0
0.2931070985242426,0.5198664610858452,0.5956095319169776,1.0,68.1521830625087,1.0,0.0,1.0,0.0,0.0,1.0,1.0,0.0
0.20906049422189588,0.6502774246743579,0.7677582185260299,0.5555555555555556,58.71830050678006,0.0,1.0,1.0,0.0,0.0,0.0,0.0,0.0
0.6887192392647035,0.16611894377572578,0.7905728989842715,0.8888888888888888,67.12402210838111,0.0,1.0,0.0,0.0,1.0,0.0,1.0,1.0
0.4068150610300218,0.6086720384759872,0.5370285280839568,0.22222222222222227,57.383170545695805,0.0,1.0,0.0,0.0,0.0,0.0,0.0,0.0
0.4556991452257651,0.3674752482108308,0.6640498947704292,0.7777777777777779,67.24944206745378,0.0,1.0,1.0,1.0,0.0,0.0,1.0,0.0
0.20698641340886825,0.6141197337186322,1.0000000000000004,0.6666666666666667,66.21534875177525,0.0,0.0,1.0,0.0,0.0,1.0,1.0,0.0
0.3537139903569139,0.34734816869149654,1.0000000000000004,0.6666666666666667,66.32628341961238,0.0,1.0,1.0,0.0,0.0,0.0,1.0,0.0
0.4629315427294221,0.13902357986709624,0.7705693653800725,0.44444444444444436,56.96587647407144,0.0,1.0,1.0,0.0,0.0,0.0,1.0,1.0
0.2526121815407273,0.17449151242336747,0.6784685231260523,0.6666666666666667,56.35426721092867,1.0,0.0,1.0,0.0,0.0,0.0,1.0,0.0
0.5070607808353897,0.5096169893322766,0.6974352591862685,1.0,66.50387639658909,0.0,1.0,0.0,1.0,0.0,0.0,1.0,1.0
0.3443379961246436,0.5519445003442964,0.8115407871209865,0.44444444444444436,69.19972026142752,0.0,0.0,0.0,0.0,1.0,0.0,0.0,0.0
0.3958288194788983,0.31913667497911824,0.43318793947186895,0.7777777777777779,66.72596653965225,0.0,1.0,1.0,0.0,0.0,0.0,1.0,0.0
0.3441600090728783,0.627718491755475,0.6101698307646619,0.44444444444444436,69.95017295713272,0.0,0.0,1.0,0.0,0.0,0.0,1.0,0.0
0.753157475195934,0.16769598754620807,0.2838660041589902,0.1111111111111111,63.11799632144069,0.0,1.0,1.0,1.0,0.0,0.0,0.0,0.0
0.4421949069881221,0.4867840402705368,0.7619908606846435,0.6666666666666667,65.00027513603335,0.0,1.0,1.0,1.0,0.0,0.0,0.0,0.0
0.2681592896184611,0.25779676004750884,0.8193279121266963,0.1111111111111111,56.11418119358482,0.0,1.0,1.0,0.0,1.0,0.0,1.0,0.0
0.5815352631283093,0.3696327784395681,0.5579573526781854,0.44444444444444436,68.97286140709853,0.0,1.0,1.0,0.0,1.0,0.0,1.0,0.0
0.2409705027826074,0.5094797342632829,1.0000000000000004,1.0,71.21287650954056,0.0,0.0,1.0,1.0,0.0,0.0,0.0,0.0
0.4792550436119036,0.32791732694320963,0.38625586406796275,0.7777777777777779,62.41914111228187,0.0,1.0,1.0,1.0,0.0,0.0,1.0,0.0
0.11783275713114852,0.4230888911540349,0.33108389352009393,0.22222222222222227,57.79647134112225,0.0,0.0,1.0,0.0,1.0,0.0,1.0,0.0
0.2230801029613727,0.7012585618428879,0.7215796923641173,0.44444444444444436,60.49083108068996,0.0,1.0,1.0,0.0,0.0,0.0,1.0,0.0
0.47725465042263165,0.3846216260953703,0.9117945890081534,0.0,59.738584793739754,0.0,0.0,1.0,0.0,0.0,0.0,0.0,0.0
0.5675222077770128,0.6671384224130283,1.0000000000000004,0.0,64.56201612324213,1.0,0.0,1.0,0.0,0.0,0.0,1.0,0.0
0.4730058246427729,0.27405862906847656,0.5635765833471269,0.5555555555555556,61.40637710472091,0.0,0.0,1.0,1.0,0.0,0.0,0.0,1.0
0.425169730713071,0.6059608355830566,0.9190972007034328,0.6666666666666667,73.03220523677503,0.0,1.0,1.0,0.0,1.0,0.0,1.0,1.0
0.394260495179563,0.7883137241315801,0.660777190943866,0.5555555555555556,61.323609714955495,0.0,1.0,1.0,0.0,0.0,1.0,0.0,1.0
0.1980241127165399,0.005671099974542182,0.629765814897473,0.1111111111111111,46.10023899742033,0.0,1.0,1.0,1.0,0.0,0.0,1.0,0.0
0.32447040971199304,0.34062094890590466,0.8740038583204361,0.3333333333333333,63.041834130132855,0.0,0.0,1.0,0.0,0.0,0.0,1.0,0.0
0.36767131595114655,0.615414425436108,0.8205133789534043,0.44444444444444436,62.00214418592741,1.0,0.0,1.0,0.0,0.0,0.0,0.0,0.0
0.6206314821475971,0.4593909227914015,0.30518290793629976,0.44444444444444436,62.79957667426357,0.0,1.0,0.0,0.0,0.0,0.0,1.0,0.0
0.5017141593725214,0.5742291746742618,1.0000000000000004,0.1111111111111111,68.46227859516661,0.0,0.0,1.0,0.0,0.0,0.0,1.0,0.0
0.15060441855065548,0.37920296265683606,0.9887902853478105,0.22222222222222227,53.48096556210209,0.0,1.0,1.0,0.0,1.0,0.0,1.0,0.0
0.49845843934357686,0.5173179574945801,0.5250366727130498,1.0,59.54188248637453,1.0,0.0,1.0,0.0,0.0,0.0,1.0,1.0
0.38026406437505833,0.468864552921584,0.761200172566793,0.8888888888888888,65.01622590533674,0.0,1.0,1.0,0.0,0.0,0.0,1.0,1.0
0.33162411106011797,0.7335564123319616,0.7839124468922476,0.1111111111111111,54.896430901513035,0.0,1.0,1.0,0.0,0.0,0.0,0.0,0.0
0.546390492584589,0.5508841686602428,0.7299550444608247,0.5555555555555556,66.07193779104115,0.0,0.0,0.0,1.0,0.0,0.0,1.0,0.0
0.6162776981937697,0.5675205324150405,0.542437958597235,0.3333333333333333,70.2737783053842,0.0,0.0,1.0,1.0,0.0,0.0,1.0,0.0
0.5996577976304776,0.4176246067755065,0.5143863811553686,0.1111111111111111,57.28130098249722,0.0,1.0,1.0,0.0,1.0,0.0,1.0,1.0
0.30457485724067135,0.40247875518550136,0.6637725475414982,0.22222222222222227,60.408014027467516,0.0,0.0,0.0,1.0,0.0,0.0,0.0,0.0
0.3929090484692421,0.4134883624360759,0.9408433167978285,1.0,70.78896687459549,0.0,1.0,1.0,0.0,1.0,0.0,0.0,1.0
0.49965501634503845,0.5788904284756595,0.7953741702227988,0.6666666666666667,56.82792237393727,1.0,0.0,1.0,0.0,0.0,0.0,1.0,1.0
0.6070352989648375,0.41580310383594754,0.5839866332119579,0.44444444444444436,59.750351470601814,0.0,1.0,1.0,0.0,0.0,0.0,1.0,1.0
0.3645820714702294,0.5579549713792826,0.8481158327784208,0.8888888888888888,57.25569278329583,0.0,1.0,1.0,0.0,0.0,0.0,0.0,1.0
0.41350128166714156,0.9150801597290881,0.011032293244432445,0.7777777777777779,60.11884667827508,1.0,0.0,1.0,0.0,0.0,0.0,1.0,0.0
0.2600552821101064,0.6742249406863383,0.9353024431494834,0.8888888888888888,68.75093066457893,0.0,0.0,1.0,1.0,0.0,0.0,0.0,1.0
0.24507667376433262,0.4347952935664319,0.2674191710073721,1.0,63.68489397824789,0.0,0.0,1.0,0.0,0.0,0.0,0.0,0.0
0.5798654148434774,0.740242784432789,0.5858765102054568,0.6666666666666667,73.07437409118965,0.0,1.0,1.0,0.0,1.0,0.0,0.0,0.0
0.6704844492062483,0.4183849253956897,0.41078765993322985,0.44444444444444436,60.38520855377566,0.0,1.0,1.0,0.0,1.0,0.0,1.0,1.0
0.4324427575143888,0.09237509296442936,0.37032093400076027,0.22222222222222227,56.98508467145449,0.0,0.0,1.0,0.0,0.0,0.0,0.0,1.0
0.6116999274264485,0.29838273781651914,0.9380912454634971,0.5555555555555556,69.20690556380517,0.0,0.0,1.0,0.0,0.0,0.0,0.0,0.0
0.5047171152857168,0.125841615794829,0.5615379032249175,0.6666666666666667,62.74627861688899,0.0,0.0,1.0,1.0,0.0,0.0,1.0,1.0
0.3369244853435904,0.4296973031917384,0.7498009526883052,0.3333333333333333,58.08425588239202,0.0,1.0,1.0,1.0,0.0,0.0,1.0,0.0
0.5046770453625133,0.5036836758379104,0.6588321166659044,0.44444444444444436,60.761735905927935,0.0,0.0,0.0,1.0,0.0,0.0,1.0,0.0
0.7007838721887727,0.8352874624550566,0.7799841140783088,0.44444444444444436,68.57911591169099,0.0,1.0,1.0,0.0,1.0,0.0,1.0,1.0
0.4384734379261192,0.5653854747528326,0.6874442381376529,0.7777777777777779,69.53044115536065,0.0,1.0,1.0,1.0,0.0,0.0,1.0,0.0
0.7052183870801121,0.45617989423822713,0.37302375935183596,0.7777777777777779,63.83000001032588,1.0,0.0,1.0,1.0,0.0,0.0,1.0,1.0
0.00782026042948708,0.6658811162366978,0.9000411742620411,0.3333333333333333,54.37968769391672,1.0,0.0,1.0,0.0,0.0,0.0,1.0,0.0
0.5814281951736484,0.05777293819842311,0.5555132962259357,0.1111111111111111,57.442579263473036,0.0,1.0,1.0,1.0,0.0,0.0,1.0,0.0
0.45895228915080627,0.5471229116217131,0.3097634979135697,0.1111111111111111,55.54741286841427,0.0,1.0,1.0,0.0,0.0,0.0,1.0,1.0
0.39460988603346653,0.6541730387773936,0.5706911114606914,0.1111111111111111,45.143059742174366,1.0,0.0,1.0,1.0,0.0,0.0,0.0,1.0
0.4597379072003614,0.2042827508440317,1.0000000000000004,0.6666666666666667,66.32583033016493,0.0,0.0,1.0,1.0,0.0,0.0,0.0,0.0
0.11318295867762895,0.7287508086413859,0.866272174054866,0.44444444444444436,55.192282134408174,1.0,0.0,1.0,0.0,0.0,0.0,1.0,0.0
0.4078324631381925,0.567699281498883,0.5890648013466664,0.8888888888888888,70.47443184224488,0.0,1.0,1.0,0.0,0.0,0.0,1.0,1.0
0.5039632063630688,0.4169424172198397,0.5889247795752457,0.5555555555555556,68.58050542561769,0.0,1.0,1.0,0.0,1.0,0.0,1.0,0.0
0.6907601185680303,0.6265563732212571,0.5953117759418602,1.0,83.46556087341752,0.0,0.0,1.0,0.0,0.0,0.0,0.0,0.0
0.35806607473216984,0.954138571560879,1.0000000000000004,0.7777777777777779,72.3904855147668,0.0,1.0,1.0,0.0,0.0,0.0,0.0,0.0
0.30969551062891315,0.5363732510116992,0.757993551394319,0.1111111111111111,49.23268145154328,1.0,0.0,1.0,0.0,1.0,0.0,0.0,1.0
0.36081827051368837,0.5496441172600672,0.7691168164657123,0.0,56.81828321367571,0.0,1.0,1.0,1.0,0.0,0.0,1.0,0.0
0.5970114640614568,0.40812782009195114,0.9079066070538215,0.22222222222222227,68.41510391673957,0.0,0.0,1.0,0.0,0.0,0.0,0.0,0.0
0.49923629605439185,0.33003112610704166,0.7248948171326086,0.7777777777777779,65.0499660356193,0.0,0.0,1.0,0.0,0.0,0.0,1.0,1.0
0.35615107714993793,0.6660671633088491,0.6097847035741921,0.22222222222222227,57.90824973503435,0.0,1.0,1.0,0.0,0.0,0.0,0.0,0.0
0.5299890166300036,0.3287832348182267,0.6242806127832403,0.1111111111111111,58.82039445260687,0.0,1.0,1.0,0.0,0.0,0.0,1.0,0.0
0.4606240360024511,0.5143132474438785,0.6531253724105563,0.7777777777777779,77.2237910190096,0.0,0.0,1.0,0.0,1.0,0.0,0.0,0.0
0.605885276199926,0.40446851064697675,0.6610745977646086,0.3333333333333333,55.38277111368139,1.0,0.0,1.0,0.0,0.0,1.0,1.0,1.0
0.3274355954648857,0.5957959651492786,0.837926021953527,0.7777777777777779,68.96139717269261,0.0,1.0,1.0,0.0,0.0,0.0,0.0,0.0
0.3898340866781497,0.5667324210573899,0.6816923302892177,0.8888888888888888,63.950929696084344,0.0,1.0,1.0,0.0,0.0,0.0,0.0,0.0
0.3790930855890849,0.7075079888515798,0.839084573221005,0.22222222222222227,53.26413286056319,1.0,0.0,1.0,1.0,0.0,0.0,1.0,0.0
0.20052528642242468,0.39799672022905064,0.65101769940958,0.5555555555555556,58.41860932475845,0.0,1.0,0.0,0.0,0.0,0.0,1.0,0.0
0.49379782395520705,0.4460250129413259,0.6878635148710006,0.3333333333333333,63.8764846425511,0.0,1.0,1.0,0.0,0.0,0.0,0.0,0.0
0.48795365647442596,0.3042472568435386,0.20765101905509775,0.6666666666666667,65.73750498790861,0.0,1.0,1.0,0.0,0.0,0.0,1.0,0.0
0.4452966872181879,0.41114134798477764,0.8815573948377149,0.8888888888888888,73.0655535294772,0.0,0.0,0.0,0.0,0.0,1.0,1.0,1.0
0.40534658888191993,0.5754600986089704,0.7497973905034105,1.0,76.0395181074023,0.0,1.0,1.0,0.0,0.0,0.0,1.0,0.0
0.20854932076937538,0.6513977233290704,0.9004442633313618,0.1111111111111111,62.77972261523862,0.0,0.0,1.0,0.0,0.0,0.0,1.0,0.0
0.3743368906502179,0.315566935164475,0.0,0.5555555555555556,49.55405973343401,1.0,0.0,1.0,0.0,0.0,0.0,1.0,1.0
0.3873253583566495,0.6739211840211323,1.0000000000000004,0.22222222222222227,66.23281153519997,0.0,1.0,1.0,0.0,1.0,0.0,1.0,0.0
0.3107315662408413,0.7711275717609902,0.6374048888446575,0.8888888888888888,69.48771786364948,1.0,0.0,1.0,0.0,1.0,0.0,1.0,0.0
0.41756349250010955,0.5826869806447403,0.9259187416863162,0.5555555555555556,64.93537835535204,0.0,0.0,1.0,0.0,0.0,0.0,1.0,1.0
0.5117862539135343,0.8753591625116135,0.42923093432651704,0.0,60.107248292600765,0.0,0.0,1.0,0.0,0.0,0.0,0.0,1.0
0.758808761312866,0.34524216017928544,0.8113687414643413,0.7777777777777779,70.45662215462623,0.0,1.0,1.0,0.0,1.0,0.0,0.0,1.0
0.47354074658308426,0.2510690593377167,0.42610719396609564,1.0,58.876827206757454,0.0,0.0,1.0,1.0,0.0,0.0,0.0,1.0
0.48736950956490516,0.14425595021914428,0.5254514270821535,0.44444444444444436,62.199332147680344,0.0,1.0,1.0,0.0,1.0,0.0,1.0,0.0
0.43203679181674987,0.7992088622978366,1.0000000000000004,0.5555555555555556,63.554530327002155,0.0,0.0,1.0,0.0,0.0,0.0,0.0,1.0
0.12464924189460419,0.6308731312708116,0.6255910579351167,0.0,56.25556183306589,0.0,0.0,1.0,0.0,0.0,0.0,1.0,0.0
0.44002546520290836,0.4888830658179091,0.7199567498293393,0.3333333333333333,68.6896789161019,0.0,0.0,1.0,0.0,0.0,0.0,1.0,0.0
0.45448281276794883,0.5559937252639642,0.8708610256926281,0.0,56.823265980951255,0.0,1.0,1.0,0.0,1.0,0.0,0.0,1.0
0.8549847965253254,0.27490219054032483,0.784294358530254,0.8888888888888888,74.96148208094533,1.0,0.0,1.0,1.0,0.0,0.0,0.0,0.0
0.41238428364759067,0.9891503959233654,0.7044615702463508,0.8888888888888888,69.24923411024999,0.0,1.0,1.0,0.0,1.0,0.0,0.0,0.0
0.49470233483337983,0.5258442363950455,0.7540686659541027,0.5555555555555556,64.97397234604972,1.0,0.0,1.0,0.0,0.0,0.0,0.0,0.0
0.4386591494935706,0.5218789589209787,1.0000000000000004,1.0,70.6140316220359,0.0,1.0,1.0,0.0,0.0,0.0,1.0,1.0
0.24966477150785576,0.6451533247797387,0.6563584411564785,1.0,57.34022454594506,0.0,1.0,1.0,1.0,0.0,0.0,1.0,1.0
0.6349149135302812,0.5962018463473429,0.7161799913151703,0.0,67.9115255804273,0.0,1.0,0.0,0.0,0.0,0.0,0.0,0.0
0.5697666165589068,0.5447768048558264,0.9126168400610499,1.0,70.04719721903243,1.0,0.0,1.0,0.0,0.0,0.0,1.0,0.0
0.5762831022849522,0.3419051089109377,0.925304408697218,0.44444444444444436,59.55070513019509,1.0,0.0,1.0,0.0,0.0,0.0,1.0,0.0
0.2928798686453213,0.5942936714271994,0.9441501050092418,0.6666666666666667,61.72331460222422,0.0,1.0,1.0,0.0,1.0,0.0,0.0,0.0
0.6782434962671275,0.8764048992950066,0.8173704423708408,0.3333333333333333,71.25869588682227,0.0,0.0,1.0,0.0,0.0,0.0,0.0,1.0
0.21080260064573092,0.7690840092309956,0.4053920639598054,0.5555555555555556,63.95147111184636,0.0,1.0,1.0,0.0,0.0,1.0,1.0,0.0
0.5422539600778229,0.8186373253278796,1.0000000000000004,0.6666666666666667,69.44502394064881,0.0,1.0,1.0,0.0,0.0,0.0,0.0,1.0
0.809520382079441,0.39775686471376304,0.40461966764488766,0.44444444444444436,69.94350522502701,0.0,0.0,1.0,0.0,1.0,0.0,0.0,1.0
0.279355056922663,0.3020790359482839,0.7396575600273407,0.5555555555555556,56.12964472192269,0.0,1.0,0.0,1.0,0.0,0.0,0.0,0.0
0.3500614895106491,0.4748426159800705,0.4952752153736508,0.3333333333333333,54.40593398577347,0.0,1.0,1.0,0.0,0.0,0.0,1.0,1.0
0.46105300529238463,0.511144982457739,0.6548509704875474,0.44444444444444436,57.840456406704455,0.0,1.0,1.0,0.0,0.0,0.0,1.0,0.0
0.3605318354250779,0.7188383036941897,0.7456987140970432,0.7777777777777779,67.31253222148212,0.0,1.0,1.0,0.0,0.0,0.0,1.0,0.0
0.18600053926675564,0.16150707405703613,0.7439864617493601,0.6666666666666667,49.897550015582915,0.0,0.0,0.0,0.0,1.0,0.0,1.0,1.0
0.45587160691211565,0.8059100638921226,0.7672390781611216,0.6666666666666667,65.7182127430474,1.0,0.0,1.0,1.0,0.0,0.0,1.0,0.0
0.2673938254900936,0.4683984202842022,1.0000000000000004,0.0,52.01244458552124,0.0,1.0,1.0,1.0,0.0,0.0,1.0,0.0
0.5233765162169746,0.41462378601051597,0.774548861579325,0.3333333333333333,59.047238561854066,1.0,0.0,0.0,0.0,1.0,0.0,1.0,0.0
0.29120707207214386,0.29757912494796646,0.6132265779416857,0.6666666666666667,58.878356026269806,0.0,1.0,1.0,1.0,0.0,0.0,0.0,1.0
0.702766845280701,0.16902866562684626,0.892600494531596,0.1111111111111111,66.50601662488394,0.0,0.0,1.0,0.0,1.0,0.0,1.0,0.0
0.31390222905507154,0.664634116792383,0.9447143318495965,1.0,72.0581687816938,0.0,1.0,1.0,0.0,0.0,0.0,0.0,0.0
0.3907675250768318,0.5146635934376809,0.3858299158816054,0.5555555555555556,57.42008560735529,1.0,0.0,1.0,0.0,1.0,0.0,0.0,0.0
0.5800306473393895,0.24200782005178922,0.8078139551342476,0.8888888888888888,70.81671226964072,0.0,1.0,1.0,1.0,0.0,0.0,1.0,1.0
0.23930039170545186,0.24098424558727682,0.8318085974858702,0.3333333333333333,48.68028526888606,1.0,0.0,1.0,1.0,0.0,0.0,0.0,0.0
0.4823544335451327,0.4328430601419744,0.6008776746316613,0.5555555555555556,54.74333749496117,1.0,0.0,1.0,0.0,0.0,0.0,1.0,1.0
0.6623015701581825,0.8338043050578787,0.9877764780829801,0.44444444444444436,83.47753326896003,0.0,0.0,1.0,0.0,0.0,1.0,1.0,0.0
0.17653057201757316,0.448081729727279,0.6349849170527282,0.8888888888888888,60.185308156951734,0.0,0.0,1.0,0.0,0.0,0.0,0.0,1.0
0.4752167541998284,0.19937140937637898,0.6987174207619891,0.5555555555555556,63.83754955573306,0.0,0.0,1.0,0.0,0.0,0.0,1.0,0.0
0.48775824348584834,0.45085138718281126,0.6296630305865833,0.8888888888888888,70.0572542441509,0.0,0.0,1.0,0.0,0.0,0.0,0.0,0.0
0.5747482564073294,0.4454552860504659,0.6732834760504898,0.0,61.524379699734645,0.0,1.0,1.0,0.0,0.0,1.0,1.0,1.0
0.2382859926314308,0.0,0.4161970806513837,0.22222222222222227,47.60319010628848,1.0,0.0,1.0,0.0,1.0,0.0,0.0,1.0
0.22436834226373176,0.4891410266964378,0.336708164433666,0.22222222222222227,55.87136349588759,0.0,0.0,1.0,0.0,0.0,1.0,1.0,0.0
0.5314347053805941,0.4538130939582645,1.0000000000000004,0.3333333333333333,67.56465378749728,0.0,0.0,1.0,1.0,0.0,0.0,0.0,0.0
0.49394188998330874,0.6392412729626837,0.4738441841577914,1.0,75.69507015056776,0.0,0.0,1.0,1.0,0.0,0.0,1.0,0.0
0.48619325283542386,0.8697912189890691,0.44044839570400773,0.22222222222222227,63.57965681442429,0.0,1.0,1.0,0.0,0.0,0.0,0.0,0.0
0.5021858126939402,0.7253130059095516,0.17176763319815436,0.44444444444444436,65.71716019396459,0.0,1.0,1.0,0.0,1.0,0.0,0.0,1.0
0.3311069908480293,0.4462222618890339,0.5219385032883195,0.44444444444444436,63.04454747693011,0.0,0.0,1.0,0.0,0.0,0.0,1.0,0.0
0.48315339397127827,0.2786948182516662,0.36375227380790465,1.0,67.75191950954208,0.0,0.0,1.0,1.0,0.0,0.0,0.0,0.0
0.49328985666089126,1.0,1.0000000000000004,0.6666666666666667,81.6260104159101,0.0,0.0,1.0,0.0,1.0,0.0,1.0,0.0
0.3253858747733831,0.5118436868028977,0.9031743101079202,0.5555555555555556,57.651304420363836,1.0,0.0,1.0,1.0,0.0,0.0,0.0,0.0
0.7554068629685706,0.5027858583825893,0.5105649617140582,0.5555555555555556,69.3898763025285,0.0,1.0,1.0,0.0,0.0,0.0,1.0,0.0
0.5234165979297423,0.4951749825779994,1.0000000000000004,0.1111111111111111,63.777055397958335,0.0,1.0,1.0,0.0,0.0,0.0,0.0,0.0
0.24589386157733634,0.539616952153571,0.896688130752215,0.7777777777777779,59.345668209164074,0.0,0.0,0.0,0.0,0.0,0.0,0.0,1.0
0.553870045883416,0.47112791761521144,0.5945727099782849,1.0,67.38505981555893,1.0,0.0,1.0,0.0,1.0,0.0,1.0,0.0
0.28199749940655755,0.3852675986239529,0.0917608221210946,0.3333333333333333,48.114469656767234,1.0,0.0,1.0,0.0,0.0,0.0,1.0,0.0
0.575625211734853,0.39062821175192153,1.0000000000000004,0.6666666666666667,74.66705686205263,0.0,0.0,1.0,0.0,0.0,0.0,1.0,1.0
0.6375437076123451,0.49344934595680034,0.3483799418448994,0.6666666666666667,53.4207763594196,1.0,0.0,1.0,0.0,0.0,0.0,0.0,0.0
0.3076640580524927,0.39131504577324705,0.2892269880680871,0.6666666666666667,61.468830022462726,0.0,0.0,0.0,0.0,0.0,0.0,1.0,0.0
0.6050071326518314,0.3574308434645672,0.9061231779439813,0.0,61.97138296672604,0.0,1.0,1.0,0.0,0.0,0.0,1.0,0.0
0.5132412656005274,0.5212860455383794,1.0000000000000004,0.5555555555555556,66.21817755368131,0.0,0.0,1.0,0.0,0.0,0.0,0.0,0.0
0.5814544711101928,0.44900455651582916,0.9897571366345548,0.6666666666666667,70.18993344846037,0.0,1.0,1.0,1.0,0.0,0.0,1.0,0.0
0.7605766082201024,0.8007985977165377,0.8000700728254557,0.44444444444444436,74.58768840568558,0.0,0.0,1.0,1.0,0.0,0.0,0.0,1.0
0.4035464251106327,0.0,0.8072022015767564,0.3333333333333333,61.68136833739284,0.0,0.0,1.0,1.0,0.0,0.0,1.0,0.0
0.3188217503848628,0.7183013703844925,0.8670106583478834,0.1111111111111111,48.09580068066193,1.0,0.0,1.0,0.0,0.0,0.0,1.0,0.0
0.2961920395068572,0.749217038499526,0.8451630854356589,1.0,70.81815953516434,1.0,0.0,1.0,0.0,1.0,0.0,0.0,0.0
0.3084760636168714,0.08532195351837024,0.7346992016403382,0.8888888888888888,61.22438884606593,0.0,1.0,1.0,0.0,1.0,0.0,1.0,0.0
0.43159415954209374,0.43146248118393027,0.693774945496568,0.6666666666666667,65.98107818732856,0.0,1.0,1.0,0.0,1.0,0.0,1.0,1.0
0.5013031069138851,0.42571182680084174,0.6552082607936129,0.44444444444444436,68.92202913655836,0.0,0.0,1.0,0.0,0.0,0.0,0.0,0.0
0.4905595776661142,0.21849766105643575,0.49534718615227114,1.0,64.03692542678071,0.0,1.0,1.0,0.0,0.0,0.0,1.0,0.0
0.5823083192837817,0.3444366624818249,0.6047826695014678,0.1111111111111111,61.63473855814452,0.0,1.0,1.0,0.0,0.0,0.0,0.0,0.0
0.4466114264240956,0.27788483090683425,0.2782304628051331,0.7777777777777779,55.300986140999896,1.0,0.0,1.0,1.0,0.0,0.0,0.0,0.0
0.6867001239706638,0.8504540886847245,0.6469428433578646,0.5555555555555556,70.10348666066007,0.0,0.0,1.0,1.0,0.0,0.0,1.0,0.0
0.40033497223811837,0.6871356786294922,0.441096107723598,0.5555555555555556,71.49809188822465,0.0,0.0,1.0,0.0,0.0,0.0,1.0,0.0
0.8978059722093807,0.754311018998832,0.41450586140784607,0.22222222222222227,72.6235846315486,0.0,1.0,1.0,0.0,0.0,1.0,0.0,0.0
0.5487223357386122,0.644334412808647,0.7112769289478358,0.6666666666666667,63.22796810560596,0.0,1.0,0.0,1.0,0.0,0.0,1.0,0.0
0.30158485170839733,0.27418964575655425,0.9915443683965277,0.22222222222222227,51.01716121777676,1.0,0.0,1.0,1.0,0.0,0.0,1.0,0.0
0.26596236143425905,0.39509594674404536,0.8820172817623706,0.3333333333333333,60.03746602409669,0.0,1.0,1.0,0.0,1.0,0.0,0.0,0.0
0.5248565136516419,0.5978749122455838,0.30654517135731263,0.5555555555555556,64.91750860207904,0.0,1.0,1.0,0.0,0.0,0.0,1.0,0.0
0.40720064689013596,0.25557443822161097,0.4408563225331723,0.22222222222222227,54.726480320167205,1.0,0.0,1.0,0.0,1.0,0.0,0.0,0.0
0.5634445267931265,0.6425996860344776,0.8872093005388866,1.0,69.90211027678765,0.0,1.0,1.0,0.0,1.0,0.0,1.0,1.0
0.5233173818733685,0.4519349203683731,0.44250742750247607,0.8888888888888888,69.9413488335887,0.0,1.0,1.0,0.0,0.0,1.0,1.0,0.0
0.4323062923349656,0.42503583849008053,0.6177408593605587,0.6666666666666667,61.06477233547709,0.0,1.0,1.0,0.0,0.0,0.0,1.0,1.0
0.3033121580997103,0.6421919936406983,0.7968660090219912,0.3333333333333333,64.71017831026097,0.0,1.0,0.0,0.0,1.0,0.0,0.0,0.0
0.19196990699680028,0.5888526622972081,0.4457776020797679,0.6666666666666667,54.260729678349726,1.0,0.0,1.0,0.0,0.0,0.0,0.0,0.0
0.37002528576660754,0.42780676683618424,0.6940464944502152,0.6666666666666667,69.75682909769974,0.0,0.0,1.0,0.0,0.0,0.0,0.0,0.0
0.5871775768316898,0.7318659606728497,0.36122368665301563,0.0,66.02818489890899,0.0,0.0,1.0,0.0,0.0,0.0,1.0,0.0
0.48012673513281173,0.2837873344800206,0.530631129702742,0.44444444444444436,55.59783427144408,0.0,1.0,1.0,1.0,0.0,0.0,1.0,1.0
0.2368213146591131,0.6231871213888529,0.7436222202714649,0.5555555555555556,56.76787222917481,1.0,0.0,1.0,0.0,0.0,0.0,1.0,0.0
0.4733079320863081,0.6186202515936767,0.3013442394094006,0.5555555555555556,67.60018062484772,0.0,0.0,1.0,0.0,0.0,0.0,1.0,0.0
0.5086640077325839,0.43809071213720197,0.7715291883907587,0.44444444444444436,69.50344914538192,0.0,0.0,0.0,0.0,1.0,0.0,1.0,0.0
0.2971348717442556,0.5652266044484238,0.6651405264985999,0.3333333333333333,58.434141542962294,0.0,1.0,0.0,0.0,1.0,0.0,0.0,1.0
0.47006529543536574,0.24977728472293936,0.7974296975814461,0.22222222222222227,62.67677047376811,0.0,1.0,1.0,0.0,1.0,0.0,1.0,0.0
0.4541458975187777,0.6848054038413804,0.7214553672710364,0.7777777777777779,66.9410495565021,1.0,0.0,1.0,1.0,0.0,0.0,0.0,0.0
0.25394939480600726,0.46301957271140215,0.985102062700685,0.22222222222222227,57.109484499323514,0.0,1.0,1.0,0.0,1.0,0.0,1.0,0.0
0.5040756711691583,0.39545539589619216,0.6986360415902073,0.5555555555555556,58.72767933753297,1.0,0.0,1.0,0.0,0.0,0.0,0.0,0.0
0.5379085321724835,0.7098018451673778,0.5703927457186637,0.5555555555555556,67.92688506535632,0.0,1.0,1.0,0.0,1.0,0.0,1.0,0.0
0.6249529849736573,0.3591312618914482,0.697959251571461,0.5555555555555556,72.26730505769153,0.0,1.0,1.0,0.0,0.0,1.0,1.0,0.0
0.620078119783595,0.2183077407272882,0.7953043118049843,0.3333333333333333,61.818577187516475,0.0,1.0,1.0,1.0,0.0,0.0,1.0,0.0
0.2148328831182626,0.1886741652952193,0.6809788183685166,0.5555555555555556,60.47820443267169,0.0,1.0,1.0,0.0,1.0,0.0,1.0,0.0
0.2881402711252573,0.6212019902691279,0.6790669778506744,0.44444444444444436,54.20899923579769,0.0,1.0,1.0,1.0,0.0,0.0,1.0,1.0
0.5302836556458876,0.24391412950074365,0.5073645231190653,0.7777777777777779,65.5168281040743,0.0,1.0,1.0,0.0,0.0,0.0,1.0,0.0
0.5300754362631459,0.850958836396873,0.5164032134533603,0.44444444444444436,65.81879812835496,1.0,0.0,1.0,0.0,0.0,0.0,1.0,0.0
0.5302857254954523,0.08361411842325572,0.3453664558445557,0.5555555555555556,45.108014302238836,1.0,0.0,1.0,1.0,0.0,0.0,0.0,1.0
1.0,0.8392912736580076,1.0000000000000004,0.6666666666666667,92.00780665857069,0.0,0.0,1.0,0.0,1.0,0.0,0.0,1.0
0.5395928628933055,0.5422034934405238,0.38207128669699486,0.5555555555555556,58.47201016531719,1.0,0.0,1.0,1.0,0.0,0.0,0.0,0.0
0.6337053844745444,0.48065737762592153,0.5094655297990633,0.3333333333333333,59.01975790899366,0.0,0.0,1.0,1.0,0.0,0.0,1.0,1.0
0.6034447383599781,0.39101618263821014,0.5035688618137932,0.6666666666666667,70.7061799634151,0.0,0.0,1.0,0.0,0.0,0.0,0.0,0.0
0.5530096529954107,0.5798272228704144,0.8766084572930808,0.44444444444444436,66.84421395274256,0.0,1.0,1.0,0.0,1.0,0.0,1.0,1.0
0.3918995703377202,0.4924730595150304,0.6014820514506072,0.5555555555555556,66.5838582394227,0.0,1.0,1.0,0.0,0.0,1.0,1.0,0.0
0.5709393145266557,0.7206603764033046,0.9581880699558116,0.8888888888888888,77.02315058140603,0.0,1.0,1.0,0.0,1.0,0.0,1.0,1.0
0.3156402420215158,0.5228455297324079,0.5139546283039258,0.44444444444444436,64.87980878314794,0.0,0.0,1.0,0.0,1.0,0.0,1.0,1.0
0.4049746766544429,0.5300603522923755,0.7341911438975086,0.6666666666666667,70.44675414783357,0.0,0.0,1.0,0.0,0.0,0.0,1.0,0.0
0.36355051980626046,0.42727755755722896,0.4765296778382324,0.5555555555555556,65.13364329848943,0.0,0.0,1.0,1.0,0.0,0.0,1.0,0.0
0.4580901343421649,0.4886108752557865,1.0000000000000004,0.3333333333333333,55.88006142694232,1.0,0.0,1.0,1.0,0.0,0.0,1.0,1.0
0.8302208722233626,0.561560353778412,0.3950810137625411,0.3333333333333333,73.95940792388859,0.0,1.0,1.0,0.0,0.0,0.0,0.0,0.0
0.13323357901248645,0.15796632146867484,0.7413189548782873,1.0,56.073579681712246,0.0,1.0,1.0,0.0,1.0,0.0,0.0,0.0
0.5588211428401966,0.23036291557885757,0.8162251153280704,1.0,69.68334752564563,0.0,1.0,1.0,0.0,0.0,0.0,0.0,0.0
0.17565846591283585,0.6486528188045431,0.7653611632418271,0.22222222222222227,53.96323630108269,1.0,0.0,1.0,0.0,1.0,0.0,0.0,0.0
0.3657891334795389,0.5341730876255886,0.6268384470507224,1.0,66.25242487531051,1.0,0.0,1.0,0.0,0.0,0.0,1.0,0.0
0.6259362106056721,0.46320333272946423,0.639663691071481,0.5555555555555556,67.50228745402077,0.0,0.0,1.0,1.0,0.0,0.0,0.0,0.0
0.4551577809603548,0.5036867866130788,0.6798114656461607,0.44444444444444436,56.35823619131992,0.0,1.0,1.0,1.0,0.0,0.0,0.0,0.0
0.2648203147895601,0.5695163410723343,0.6356909766339491,0.1111111111111111,52.41828673950314,0.0,1.0,0.0,0.0,1.0,0.0,1.0,1.0
0.32522715956778303,0.39204806393812763,0.8925523882136455,0.22222222222222227,61.1812139698251,0.0,1.0,1.0,0.0,1.0,0.0,1.0,0.0
0.5577107359335571,0.34433905491953753,1.0000000000000004,0.22222222222222227,73.21068033604337,0.0,0.0,1.0,0.0,1.0,0.0,0.0,0.0
0.3227166724915883,0.5391690510195364,0.5407762432306984,0.1111111111111111,55.56124100326988,0.0,0.0,1.0,1.0,0.0,0.0,1.0,0.0
0.4805208760414403,0.3043254444769936,0.3529511045914848,0.44444444444444436,66.65133128444181,0.0,1.0,1.0,0.0,0.0,1.0,0.0,0.0
0.45203975109508004,0.5816505511428944,0.6492683881467944,0.6666666666666667,68.71604813545787,1.0,0.0,1.0,1.0,0.0,0.0,1.0,0.0
0.3358443865101416,0.15948327915243188,1.0000000000000004,0.44444444444444436,57.26803682543509,0.0,1.0,1.0,1.0,0.0,0.0,1.0,0.0
0.8017684593319987,0.705831127465129,0.4838530890880155,0.3333333333333333,75.10013055598397,0.0,0.0,1.0,0.0,0.0,1.0,1.0,0.0
0.5500976148307797,0.5945194964826088,1.0000000000000004,0.44444444444444436,67.35146819939852,0.0,1.0,1.0,0.0,0.0,0.0,1.0,0.0
0.1069206800015099,0.5512059468627752,1.0000000000000004,0.1111111111111111,55.45978967077586,0.0,1.0,1.0,0.0,1.0,0.0,0.0,0.0
0.4755201635726824,0.6965381967891027,0.5416788327387292,0.6666666666666667,67.33092573490595,0.0,1.0,1.0,1.0,0.0,0.0,0.0,0.0
0.3341467003163798,0.8330948888925154,0.8012432895482564,0.7777777777777779,63.87164176738895,0.0,1.0,0.0,0.0,0.0,0.0,1.0,0.0
0.5865166669104818,0.7028740130036262,1.0000000000000004,0.8888888888888888,85.14096073796414,0.0,0.0,1.0,0.0,0.0,1.0,1.0,1.0
0.31235765470566096,0.13182515373367099,0.5820181361410315,0.8888888888888888,56.721922985807424,0.0,1.0,1.0,0.0,0.0,0.0,0.0,0.0
0.42532170419996124,0.2440846066528597,0.6226087513792011,0.5555555555555556,53.007956450366024,1.0,0.0,1.0,0.0,1.0,0.0,0.0,0.0
0.5286089909411873,0.37503628446086434,0.5351831570745142,0.7777777777777779,65.14984313411921,1.0,0.0,1.0,1.0,0.0,0.0,1.0,0.0
0.5887369768061312,0.5052182100421669,0.43504601029518364,0.6666666666666667,57.80424156197101,0.0,1.0,1.0,0.0,0.0,0.0,1.0,1.0
0.24439504326848172,0.6035318040938247,0.5195532523089348,0.5555555555555556,62.51282864476854,0.0,0.0,1.0,0.0,0.0,0.0,0.0,0.0
0.38869423847095297,0.3548512373693069,0.38667793790389693,0.0,61.183659753446484,0.0,1.0,1.0,1.0,0.0,0.0,0.0,0.0
0.3652868925842851,0.5373533528954157,0.6775621261570817,0.22222222222222227,63.354074808783686,0.0,0.0,1.0,0.0,0.0,0.0,1.0,0.0
0.3355562390154924,0.34892341352933554,0.4916456177641626,0.44444444444444436,54.84898403757109,0.0,0.0,0.0,1.0,0.0,0.0,1.0,0.0
0.7386868178246273,0.37769643940161046,0.7237379506361421,0.44444444444444436,71.8025256802169,0.0,1.0,1.0,0.0,0.0,1.0,0.0,0.0
0.5119413962712704,0.21866778063035563,0.30992217535587807,0.5555555555555556,52.87470295186345,1.0,0.0,1.0,0.0,0.0,0.0,0.0,1.0
0.23429711872193693,0.31535335077781923,0.7461884035125044,0.22222222222222227,47.12040082518137,1.0,0.0,1.0,1.0,0.0,0.0,1.0,1.0
0.5974214356202405,0.22966307887673332,0.8624124170633358,0.44444444444444436,68.1423425829541,0.0,0.0,0.0,0.0,0.0,0.0,1.0,0.0
0.7981371439465499,0.30482534940453365,0.208683440042146,0.44444444444444436,58.34777582813946,1.0,0.0,1.0,0.0,0.0,0.0,0.0,0.0
0.6165219878696355,0.7107283593215681,0.7561717715321388,0.44444444444444436,73.81535168377947,0.0,1.0,1.0,0.0,1.0,0.0,1.0,1.0
0.19121611678544215,0.31012022223361146,0.9535467094812042,0.44444444444444436,59.107644292589036,0.0,1.0,1.0,0.0,0.0,1.0,1.0,1.0
0.36373876563340257,1.0,0.3899842548293946,0.7777777777777779,71.67100693978927,0.0,0.0,1.0,0.0,0.0,0.0,1.0,1.0
0.6555963026422149,0.5986635801761779,1.0000000000000004,0.44444444444444436,64.10310441194468,1.0,0.0,0.0,0.0,1.0,0.0,1.0,0.0
0.326499533507981,0.5369672247389747,0.7665681276239344,0.6666666666666667,63.91168477541839,0.0,1.0,1.0,0.0,0.0,0.0,0.0,1.0
0.5184143491354825,0.32832844396375727,0.5066661904258511,0.44444444444444436,60.439433470684975,0.0,1.0,1.0,1.0,0.0,0.0,1.0,0.0
0.5735501200160005,0.6400619758817983,0.6567861390640539,0.22222222222222227,66.81007829093782,0.0,1.0,1.0,0.0,1.0,0.0,0.0,0.0
0.28995603251476393,0.38487243475244526,0.7987793373162537,0.5555555555555556,58.855074525075715,0.0,0.0,1.0,0.0,0.0,0.0,1.0,1.0
0.43452355176747776,0.5244019629290724,0.6872554445317292,1.0,64.63641221282998,1.0,0.0,1.0,0.0,1.0,0.0,1.0,0.0
0.0,1.0,0.7942540878785795,0.1111111111111111,60.31887430878356,0.0,0.0,1.0,0.0,1.0,0.0,1.0,1.0
0.27371317088872943,0.48078802005507004,0.4568002080508786,0.6666666666666667,58.09666302461386,0.0,1.0,1.0,0.0,0.0,0.0,0.0,0.0
0.4023497525455844,0.7298546652571354,0.7088413800604392,0.44444444444444436,62.2770519759844,0.0,1.0,1.0,0.0,0.0,1.0,0.0,1.0
0.2364805807836362,0.3593647149748227,0.3427977460206364,0.6666666666666667,54.75570989563197,0.0,1.0,0.0,0.0,1.0,0.0,1.0,0.0
0.7165129950997169,0.4930023019006078,0.6439632015988486,0.7777777777777779,73.9927081380138,0.0,1.0,1.0,0.0,0.0,0.0,0.0,0.0
0.20608754811767233,0.854160127127102,0.4606768838956432,0.3333333333333333,49.0259868222571,1.0,0.0,1.0,0.0,0.0,0.0,0.0,1.0
0.37110369666161386,0.37460658844244676,0.4996097028033595,0.8888888888888888,59.96319234487862,0.0,1.0,1.0,0.0,0.0,0.0,0.0,1.0
0.46623454065879305,0.8624897115993857,0.9554945753989719,0.3333333333333333,71.89078797697262,0.0,1.0,1.0,0.0,0.0,1.0,1.0,0.0
0.6846566592887968,0.641550387091095,0.9220173840372987,0.6666666666666667,66.34606621570997,0.0,1.0,1.0,0.0,1.0,0.0,0.0,1.0
0.20513408591453786,0.3875066448211466,0.8105280640643344,0.6666666666666667,54.679997534438066,0.0,1.0,1.0,1.0,0.0,0.0,1.0,0.0
0.6383050698036044,0.6264815478111043,0.4171132612060422,0.44444444444444436,72.35627534589322,0.0,0.0,1.0,0.0,0.0,0.0,1.0,0.0
0.4461499546143756,0.694510889925346,0.5965202871160891,0.44444444444444436,61.579422965046106,0.0,1.0,1.0,0.0,0.0,0.0,0.0,0.0
0.28085966926978595,0.6243619924434392,0.9501774895921407,0.5555555555555556,61.9314739968167,1.0,0.0,1.0,1.0,0.0,0.0,1.0,0.0
0.5214616901549896,0.18595505602190876,0.7024494685154656,1.0,70.19126358055387,0.0,1.0,1.0,1.0,0.0,0.0,1.0,0.0
0.477621060373356,0.3545725648350264,1.0000000000000004,0.44444444444444436,67.6997055058171,0.0,0.0,0.0,0.0,0.0,0.0,1.0,0.0
0.34440829825131203,0.45049627288969907,0.7606254226047486,0.1111111111111111,65.76410977664142,0.0,0.0,1.0,0.0,0.0,0.0,0.0,0.0
0.4560781252761143,0.4851133141799908,0.7140874381033795,0.44444444444444436,59.382491740368984,0.0,1.0,1.0,0.0,0.0,0.0,0.0,1.0
0.3802255116341511,0.6241344195101357,0.5982063628407621,0.44444444444444436,65.56030093469776,0.0,0.0,1.0,0.0,0.0,0.0,1.0,1.0
0.46336400198631905,0.5355402001866509,0.7005589861394235,0.44444444444444436,57.4648463834658,0.0,1.0,0.0,1.0,0.0,0.0,0.0,0.0
0.5547995568646189,0.23293112825798,0.6344266867568376,0.22222222222222227,69.70595327970715,0.0,1.0,1.0,0.0,1.0,0.0,1.0,0.0
0.7087805804686698,0.5760395702011927,0.8334123459566398,0.44444444444444436,80.90021186722909,0.0,0.0,1.0,0.0,0.0,0.0,1.0,0.0
0.23814186130663628,0.6221171490567645,0.8908929460391986,0.3333333333333333,58.95438791703276,0.0,0.0,1.0,1.0,0.0,0.0,0.0,1.0
0.7999500068871555,0.611958089586208,0.4879422950266479,0.44444444444444436,72.42782949582754,0.0,1.0,1.0,0.0,0.0,0.0,1.0,0.0
0.1190964778573608,0.7161561451109244,0.36186938681285996,0.44444444444444436,61.30539886601339,0.0,0.0,1.0,0.0,0.0,0.0,1.0,1.0
0.4191469286051806,0.666784430909781,0.2451080823472993,0.8888888888888888,58.33654416592744,1.0,0.0,1.0,1.0,0.0,0.0,1.0,1.0
0.5424973121918739,0.5918360158456875,0.7871405855561973,0.7777777777777779,70.86586532805248,0.0,0.0,1.0,1.0,0.0,0.0,0.0,0.0
0.4912764224002832,0.48596685770827075,0.4145573573525039,0.5555555555555556,59.49064408546631,0.0,1.0,0.0,1.0,0.0,0.0,1.0,1.0
0.3406611911410121,0.16780781329680194,0.17188313392767496,0.8888888888888888,56.81422584175833,1.0,0.0,1.0,0.0,1.0,0.0,0.0,0.0
0.40975740271823186,0.5859236438265172,0.7595296018759288,0.44444444444444436,65.42177139470454,0.0,1.0,1.0,0.0,1.0,0.0,0.0,0.0
0.3622776220013056,0.5415375374326223,1.0000000000000004,0.8888888888888888,68.31380784015172,0.0,1.0,1.0,0.0,1.0,0.0,1.0,0.0
0.34621698495374253,0.5543157674390748,0.6682775046928633,0.1111111111111111,53.67152411460393,0.0,1.0,1.0,0.0,1.0,0.0,0.0,0.0
0.5860447939479485,0.2446502848359382,0.8635597029696656,0.3333333333333333,63.51482502605783,0.0,1.0,1.0,0.0,1.0,0.0,1.0,1.0
0.5039470254386189,0.28378869191834766,0.6886020804538995,0.5555555555555556,59.50614221800159,1.0,0.0,1.0,0.0,0.0,0.0,1.0,1.0
0.3289595119010021,0.7106305706665808,0.6468156645317595,1.0,67.19202896274264,0.0,1.0,1.0,0.0,0.0,0.0,0.0,0.0
0.5943777570166529,0.49208896922866896,0.8821929828989497,0.3333333333333333,68.89038486002086,0.0,1.0,1.0,1.0,0.0,0.0,0.0,0.0
0.49566103125721267,0.6363001394745251,0.602563050600923,0.3333333333333333,61.9972412599218,0.0,1.0,1.0,0.0,0.0,0.0,1.0,0.0
0.5799214642509378,0.5056636752260923,0.7315085282298126,0.5555555555555556,63.81510557270993,0.0,1.0,1.0,0.0,1.0,0.0,1.0,1.0
0.5493825847650464,0.5059512278991491,0.7440652142083506,0.7777777777777779,73.66930644329106,0.0,0.0,1.0,0.0,0.0,0.0,1.0,0.0
0.3062786092907657,0.6876567611951996,0.5152032726640594,0.6666666666666667,67.33473195984008,0.0,0.0,1.0,0.0,0.0,0.0,1.0,0.0
0.35108093774494953,0.3967910543565254,0.8990643790978949,1.0,74.06599712618342,0.0,0.0,1.0,0.0,0.0,0.0,1.0,0.0
0.5689933786316548,0.5192241553881969,0.6292264969412162,0.5555555555555556,64.92476044152869,0.0,1.0,1.0,0.0,0.0,0.0,1.0,0.0
0.5461728220166886,0.4075449422589916,0.49493547703518415,0.8888888888888888,74.66057740512012,0.0,0.0,1.0,0.0,1.0,0.0,0.0,1.0
0.44096084545041975,0.413100754513537,0.7937347263003423,0.7777777777777779,67.70449123629314,1.0,0.0,1.0,0.0,1.0,0.0,1.0,1.0
0.4639990083292414,0.4381655753062723,0.4619346590429032,0.8888888888888888,62.69634618505818,1.0,0.0,1.0,0.0,0.0,0.0,1.0,0.0
0.6573885937425152,0.5444267543267427,0.676197375346514,1.0,79.52409578334377,0.0,1.0,1.0,0.0,1.0,0.0,0.0,0.0
0.3458492129718061,0.40425027566730454,0.6675727169081727,0.3333333333333333,55.64185224136102,0.0,0.0,1.0,0.0,0.0,0.0,0.0,1.0
0.5356273413061174,0.7511512251147043,0.9207654137262056,1.0,80.80904584624466,0.0,1.0,1.0,0.0,1.0,0.0,1.0,0.0
0.41074566903879534,0.32107853955609933,0.7794424520770686,0.44444444444444436,57.50896970064421,1.0,0.0,1.0,0.0,0.0,0.0,1.0,1.0
0.4081642439065744,0.46262567116772835,0.6638944280860501,0.6666666666666667,59.11522629790164,1.0,0.0,1.0,0.0,0.0,0.0,0.0,1.0
0.6275739197756429,0.41205378834516515,0.8587677248911589,0.22222222222222227,69.08913463067313,0.0,0.0,1.0,0.0,0.0,0.0,1.0,0.0
0.5820138359424494,0.7893955768707466,0.9911293836104362,0.5555555555555556,59.572810822310714,0.0,1.0,0.0,0.0,1.0,0.0,1.0,1.0
0.5800293837778843,0.539310955302315,0.7986598860196028,0.7777777777777779,72.29952368596177,0.0,1.0,1.0,0.0,0.0,1.0,0.0,0.0
0.6620242456368326,0.706368907893727,0.6720750050592552,0.6666666666666667,69.84598022049293,0.0,1.0,1.0,1.0,0.0,0.0,1.0,0.0
0.44794508471657096,0.2028879253926057,0.36635435744273037,0.0,46.586308120577236,0.0,1.0,1.0,1.0,0.0,0.0,1.0,1.0
0.5581032729936051,0.5534100531738517,0.423402322667338,0.5555555555555556,67.46699405943032,0.0,1.0,1.0,0.0,0.0,1.0,1.0,1.0
0.3927333183455351,0.6779261591246877,0.599106227742114,0.44444444444444436,62.181556331361186,0.0,1.0,1.0,0.0,0.0,0.0,1.0,0.0
0.4984721698591847,0.5164567978550849,0.5287479194443963,0.1111111111111111,58.553038688064454,0.0,0.0,1.0,0.0,0.0,0.0,1.0,1.0
0.4227539353831637,0.7130960750130706,0.6264491495868096,0.5555555555555556,61.70476402732882,0.0,1.0,1.0,0.0,0.0,0.0,0.0,0.0
0.4606104386098974,0.3965423099799257,0.6827800129410293,1.0,65.76192890692222,0.0,1.0,1.0,1.0,0.0,0.0,1.0,0.0
0.5436372820172632,0.7818694880371162,0.7921584575806309,0.22222222222222227,64.9066012174088,1.0,0.0,0.0,0.0,1.0,0.0,1.0,0.0
0.308074330572199,0.9597796247238499,0.6533802916025224,0.1111111111111111,60.94769523194778,0.0,1.0,1.0,0.0,1.0,0.0,1.0,0.0
0.7931756570586879,0.4274322879120682,0.7821716737253865,0.6666666666666667,68.00706134499804,0.0,1.0,1.0,0.0,0.0,0.0,0.0,1.0
0.27677488086116075,0.41089949571984574,0.6845892160057101,0.1111111111111111,50.55660111223901,0.0,1.0,1.0,0.0,0.0,0.0,1.0,1.0
0.24207967564648902,0.7906768954235404,0.21290767306553704,0.3333333333333333,53.60488900481425,1.0,0.0,1.0,0.0,1.0,0.0,1.0,1.0
0.6374629233611224,0.8159144291461424,0.45248516803350824,0.5555555555555556,74.05573898132603,0.0,0.0,1.0,1.0,0.0,0.0,0.0,0.0
0.5763882267716005,0.3954279945693464,0.6363648639448383,0.8888888888888888,62.837322852314735,0.0,1.0,1.0,0.0,1.0,0.0,1.0,0.0
0.5484644139531369,0.41596263658082866,0.38997183256318557,0.5555555555555556,64.37140868125915,0.0,1.0,1.0,0.0,0.0,0.0,1.0,1.0
0.5491686959884912,0.4436430782278986,0.8083986398532725,0.1111111111111111,67.44173076674599,0.0,0.0,1.0,0.0,0.0,0.0,1.0,1.0
0.4424033156366253,0.23110989779314473,1.0000000000000004,0.3333333333333333,62.11461396767051,0.0,1.0,1.0,0.0,0.0,1.0,1.0,0.0
0.29490204919680585,0.3162696107031604,0.9514871724930312,0.6666666666666667,65.33736407213149,0.0,0.0,1.0,0.0,1.0,0.0,1.0,0.0
0.45707853747673216,0.2991718466495865,0.620328310735331,0.6666666666666667,61.37640537708524,0.0,1.0,1.0,0.0,0.0,0.0,0.0,0.0
0.33158415919242584,0.3464404869791744,1.0000000000000004,0.3333333333333333,59.657036393251516,0.0,1.0,1.0,0.0,1.0,0.0,1.0,0.0
0.6069644000140697,0.4930630225226438,0.7040565949676356,0.7777777777777779,72.46724428746577,0.0,0.0,0.0,0.0,0.0,0.0,1.0,0.0
0.41993488086075464,0.5468429465073044,0.591739165848784,0.3333333333333333,52.60546806579818,0.0,1.0,0.0,0.0,0.0,0.0,1.0,0.0
0.30686157831235916,0.8101000985628155,0.52784835477846,0.1111111111111111,59.29283994458871,0.0,1.0,1.0,0.0,0.0,1.0,1.0,0.0
0.39088013750227885,0.30032919185224194,0.5997432516021748,0.1111111111111111,66.49222905176504,0.0,0.0,1.0,0.0,1.0,0.0,1.0,0.0
0.5132663534903819,0.696864479695317,0.5799257800865445,0.5555555555555556,63.689030302484994,0.0,1.0,1.0,0.0,0.0,0.0,0.0,0.0
0.35049035231044867,0.45720223115489844,0.7090854125700781,0.6666666666666667,64.17692278416854,0.0,1.0,1.0,0.0,0.0,0.0,1.0,1.0
0.3074077118500392,0.4901072580695134,0.7068096587039983,0.7777777777777779,57.10856425756125,0.0,1.0,0.0,1.0,0.0,0.0,0.0,1.0
0.48505897969309647,0.6349638984333208,0.6703855501940255,1.0,69.33992731187789,0.0,0.0,1.0,1.0,0.0,0.0,1.0,0.0
0.48527220629589823,0.2754555956875404,0.770711452011462,0.8888888888888888,73.44088162182662,0.0,0.0,1.0,0.0,0.0,0.0,1.0,0.0
0.35995391521592285,0.5764819492368103,0.944986200739204,0.5555555555555556,66.67768546284869,0.0,1.0,1.0,0.0,1.0,0.0,1.0,0.0
0.3659380601747239,0.5332904416426114,0.8892401211579619,0.8888888888888888,63.77948539122603,0.0,1.0,1.0,0.0,0.0,0.0,1.0,1.0
0.4831194340040505,0.59849025280163,0.32633848077709526,0.0,64.76110391679359,0.0,0.0,1.0,0.0,1.0,0.0,1.0,0.0
0.20309705419489044,0.5578337287815636,0.07915559595501875,1.0,57.49643187503831,1.0,0.0,1.0,1.0,0.0,0.0,1.0,0.0
0.2098671487150186,0.9910600279821791,0.8857176161230269,0.7777777777777779,66.06343446756856,0.0,1.0,1.0,0.0,0.0,0.0,0.0,1.0
0.32470374090237175,0.3724520031497369,0.3536272660412525,0.6666666666666667,66.40148256666316,0.0,0.0,1.0,1.0,0.0,0.0,1.0,0.0
0.40886991915913656,0.3938006089996364,0.6177102796630196,0.7777777777777779,70.04731544676225,0.0,0.0,1.0,0.0,0.0,0.0,1.0,0.0
0.4962623720441119,0.3753718947150473,0.39912404109089605,0.3333333333333333,59.15456181530079,0.0,0.0,1.0,1.0,0.0,0.0,1.0,0.0
0.6903371472693698,0.38890457616794905,0.25302167913451434,1.0,73.97792258967473,0.0,1.0,1.0,0.0,0.0,1.0,1.0,0.0
0.5873877149781144,0.37252257453869664,0.794879947798377,0.3333333333333333,68.5286421576871,1.0,0.0,1.0,1.0,0.0,0.0,1.0,0.0
0.4177880227838732,0.7378033062215104,0.8452154737799797,0.8888888888888888,77.26455398042114,0.0,1.0,1.0,0.0,0.0,1.0,1.0,0.0
0.44127507646066294,0.7841008495979711,0.5363786993361916,0.44444444444444436,69.32044505776172,0.0,1.0,0.0,0.0,0.0,0.0,1.0,0.0
0.2773562170048096,0.3858507412501049,0.07057232571055794,0.44444444444444436,58.90786533270395,0.0,1.0,0.0,0.0,0.0,1.0,0.0,0.0
0.44135892177904607,0.33352888537915426,0.543376887662923,0.44444444444444436,61.47652858093385,0.0,0.0,0.0,0.0,0.0,0.0,0.0,0.0
0.39633467129108796,0.5942831112772808,0.7602753891676963,0.0,59.56310803372921,1.0,0.0,1.0,0.0,0.0,1.0,1.0,0.0
0.4982308711674593,0.3895553911438059,0.3277226748600608,0.22222222222222227,58.67553219679157,0.0,0.0,1.0,1.0,0.0,0.0,1.0,1.0
0.30657262051905726,0.6265863635511022,0.7120782948245585,0.44444444444444436,57.457037637341145,0.0,1.0,1.0,0.0,1.0,0.0,0.0,0.0
0.5310021968179732,0.54058460417026,0.6661412485961682,1.0,75.88610343866948,0.0,1.0,1.0,0.0,0.0,1.0,1.0,0.0
0.699900929944874,0.19685117700055366,0.8036268348036844,0.6666666666666667,64.9093144508333,1.0,0.0,0.0,1.0,0.0,0.0,1.0,0.0
0.42631775303496816,0.8095010402660123,0.6973309871947513,0.1111111111111111,59.55565237726312,0.0,1.0,1.0,1.0,0.0,0.0,1.0,0.0
0.5113963981276013,0.8591755346191043,0.4446851916251968,1.0,67.47173678401333,1.0,0.0,1.0,0.0,0.0,0.0,1.0,1.0
0.5594684430629633,0.3774422619031228,0.9463562502563039,0.6666666666666667,76.34243582795779,0.0,0.0,0.0,0.0,0.0,1.0,1.0,0.0
0.37757436579680503,0.4224596880128031,0.63302553546982,0.22222222222222227,56.51903739038096,0.0,0.0,1.0,0.0,0.0,0.0,1.0,1.0
0.4817931914128472,0.5571730781449811,0.6633677987280318,0.22222222222222227,57.769942639893976,0.0,1.0,1.0,0.0,0.0,0.0,1.0,1.0
0.4465431779080769,0.5668913579974051,0.45388809929911833,0.44444444444444436,58.60582546877183,0.0,1.0,1.0,1.0,0.0,0.0,1.0,0.0
0.4607237942025831,0.6317088545345664,0.5671841293540614,1.0,67.09628194316744,0.0,0.0,1.0,1.0,0.0,0.0,0.0,1.0
0.3156094804685333,0.9020409077532698,0.4650943850561533,0.7777777777777779,65.02008273747786,0.0,1.0,1.0,0.0,1.0,0.0,1.0,0.0
0.44852947348760147,0.46461055450119026,0.629692110215911,0.7777777777777779,58.79454883045607,1.0,0.0,1.0,1.0,0.0,0.0,1.0,0.0
0.5274441596520194,0.34034055109230943,1.0000000000000004,0.22222222222222227,67.27926614548706,0.0,1.0,1.0,0.0,0.0,0.0,1.0,0.0
0.6863017124102846,0.22413615439709478,0.3524659606895377,0.44444444444444436,68.26605738582758,0.0,0.0,1.0,0.0,0.0,1.0,0.0,0.0
0.6043229154586456,0.35381399201161634,0.2965885196397906,0.22222222222222227,52.00579721809032,1.0,0.0,1.0,1.0,0.0,0.0,0.0,1.0
0.803308187363037,0.4933746054252408,1.0000000000000004,0.8888888888888888,74.74957400890789,0.0,1.0,1.0,0.0,1.0,0.0,0.0,1.0
0.3165531839631029,0.8589115727035577,0.6212807636224382,0.44444444444444436,70.2051070293036,0.0,0.0,1.0,1.0,0.0,0.0,1.0,0.0
0.5898312172312241,0.3964777401927657,0.5149761456458553,0.6666666666666667,65.98276484531716,1.0,0.0,1.0,0.0,0.0,0.0,0.0,0.0
0.4750014454008364,0.5447575903277797,0.9101312587668531,0.44444444444444436,59.43318493356797,1.0,0.0,0.0,1.0,0.0,0.0,0.0,0.0
0.8094115999807232,0.4967154207854496,0.5296489179343986,0.5555555555555556,74.74945711109743,0.0,1.0,1.0,0.0,1.0,0.0,1.0,0.0
0.3097280635519192,0.7376786546896168,1.0000000000000004,0.3333333333333333,63.652489366291654,0.0,0.0,1.0,0.0,0.0,0.0,1.0,1.0
0.3044908040809818,1.0,0.8264333831685562,0.0,57.47451519912333,0.0,1.0,1.0,0.0,0.0,0.0,1.0,0.0
0.344545670203774,0.393826245415936,0.5568648359006496,0.3333333333333333,66.83805070570689,0.0,0.0,1.0,0.0,0.0,0.0,0.0,0.0
0.09046182372614328,0.40211211149635573,1.0000000000000004,0.3333333333333333,48.77749309554412,0.0,1.0,1.0,1.0,0.0,0.0,1.0,1.0
0.35681860749765093,0.7088321754138143,0.529625938224247,1.0,65.75967857172915,1.0,0.0,1.0,0.0,1.0,0.0,1.0,1.0
0.31792233418549476,0.6363782979252623,0.8412708560980291,0.22222222222222227,63.48466573710947,0.0,0.0,1.0,0.0,0.0,0.0,0.0,1.0
0.46951007552381235,0.8693414651472069,0.7388846077261504,0.22222222222222227,61.76055947261096,0.0,1.0,1.0,0.0,1.0,0.0,0.0,1.0
0.5014037737406376,0.616785637065193,0.9706739379773004,0.3333333333333333,67.38591666692248,0.0,1.0,1.0,1.0,0.0,0.0,0.0,0.0
0.7571395843137587,0.4281415818425882,1.0000000000000004,0.3333333333333333,67.60969607550201,0.0,1.0,0.0,0.0,1.0,0.0,0.0,1.0
0.6028484174754529,0.6181309661384617,0.6770813394605586,0.6666666666666667,71.72409636941968,0.0,1.0,1.0,1.0,0.0,0.0,1.0,1.0
0.3482938351673773,0.7217407161165816,0.4954736001209503,1.0,56.09119403466701,1.0,0.0,0.0,0.0,0.0,0.0,0.0,1.0
0.2947086658863848,0.664096436239473,0.7760374394375336,0.7777777777777779,57.058278293114014,1.0,0.0,1.0,1.0,0.0,0.0,1.0,0.0
0.5264309730288621,0.6014548062214595,0.5129777694152353,0.22222222222222227,62.143974171377515,0.0,1.0,1.0,0.0,1.0,0.0,0.0,0.0
0.22440557660767074,0.7133349379178311,1.0000000000000004,0.7777777777777779,67.8090354804539,0.0,0.0,1.0,0.0,0.0,0.0,1.0,1.0
0.7496875720868368,0.7338591180891347,0.7012513667674227,1.0,80.07234919761619,0.0,1.0,1.0,0.0,1.0,0.0,0.0,0.0
0.6410177978979923,0.7764317982075057,0.5852104465599788,0.1111111111111111,66.99545457411928,0.0,0.0,1.0,0.0,1.0,0.0,0.0,1.0
0.3662485024269936,0.6297419775179287,0.712383598630872,0.5555555555555556,56.5689711310658,0.0,1.0,1.0,1.0,0.0,0.0,0.0,0.0
0.1589220229292982,0.46657638393662926,0.3581944798901002,0.5555555555555556,54.26698153832126,0.0,1.0,1.0,0.0,0.0,0.0,1.0,1.0
0.6700898401386799,0.5293427372866646,0.44502159870827995,0.44444444444444436,68.17722255931864,1.0,0.0,1.0,1.0,0.0,0.0,1.0,0.0
0.4253544702356747,0.7413017933016715,0.9472447034711062,0.3333333333333333,62.05682669881061,1.0,0.0,1.0,0.0,0.0,0.0,0.0,0.0
0.6507471631066881,0.3366128658025529,0.5177920872390476,0.3333333333333333,67.91569439452661,0.0,1.0,1.0,0.0,1.0,0.0,1.0,0.0
0.1787065013120499,0.5737346617745802,0.427611203440311,0.5555555555555556,61.509903439977506,0.0,0.0,1.0,0.0,1.0,0.0,0.0,1.0
0.34454860728548226,0.42133223753452786,0.7937677701569563,0.6666666666666667,68.65811990245402,0.0,0.0,1.0,0.0,0.0,0.0,1.0,0.0
0.44531839439747495,0.5057489645869637,0.9438434682451269,0.8888888888888888,75.78213723694529,0.0,0.0,1.0,0.0,0.0,0.0,0.0,0.0
0.4522745434052347,0.7556903725214597,0.8359198761910327,0.8888888888888888,70.17573663032047,0.0,1.0,1.0,0.0,0.0,0.0,1.0,1.0
0.3694335325312372,0.5382198136039806,0.8999905054951483,0.3333333333333333,63.150887869160954,0.0,0.0,1.0,1.0,0.0,0.0,0.0,0.0
0.5482527665023609,0.5092873096312298,0.4946927091456179,0.5555555555555556,61.48108048859192,0.0,1.0,1.0,0.0,1.0,0.0,0.0,1.0
0.26650770621401204,0.22802877180401637,0.34092572427303747,0.7777777777777779,50.53925520857483,1.0,0.0,1.0,0.0,0.0,0.0,1.0,1.0
0.42071453027422884,0.6492507132054444,1.0000000000000004,0.3333333333333333,65.90097255257659,0.0,0.0,0.0,0.0,1.0,0.0,1.0,1.0
0.4644937163964275,0.6290968362282152,0.5950701968748975,0.44444444444444436,62.592076323453874,0.0,1.0,1.0,1.0,0.0,0.0,1.0,0.0
0.5301842501209026,0.9326509446610922,0.6116828441778375,0.3333333333333333,64.84750490068846,1.0,0.0,1.0,0.0,0.0,0.0,1.0,0.0
0.5630469241259262,0.4384443530094,0.9767904493735204,0.5555555555555556,69.72992152261727,0.0,1.0,1.0,0.0,0.0,0.0,1.0,0.0
0.25700409580479955,0.5438300655327879,0.7982944848089164,0.5555555555555556,58.99915311790734,0.0,1.0,1.0,1.0,0.0,0.0,0.0,1.0
0.18875874932184067,0.5498767367421511,0.7750930384152497,1.0,72.73246701459412,0.0,0.0,1.0,0.0,0.0,0.0,1.0,0.0
0.6573905814275294,0.8154906559526951,1.0000000000000004,0.22222222222222227,69.93021689708294,0.0,1.0,1.0,0.0,1.0,0.0,1.0,1.0
0.4998301131077097,0.4809408935226096,0.5208849390892833,0.6666666666666667,67.9813312621744,0.0,0.0,1.0,0.0,1.0,0.0,1.0,0.0
0.31969668835168547,0.555804305154068,0.8842193403659726,0.5555555555555556,58.514882428309775,1.0,0.0,1.0,0.0,0.0,0.0,1.0,0.0
0.7029697736981981,0.621579301943308,0.6828639931825986,0.8888888888888888,72.49461900471826,0.0,1.0,1.0,0.0,0.0,0.0,1.0,1.0
0.4637235501599208,0.5373218246312716,0.7317859878472657,0.44444444444444436,56.92572104678823,0.0,1.0,1.0,1.0,0.0,0.0,0.0,0.0
0.6409939751217488,0.41071327708989447,1.0000000000000004,0.5555555555555556,75.19549077144575,0.0,1.0,1.0,0.0,1.0,0.0,0.0,0.0
0.4556975246794626,0.5388179985796615,0.7871046140295048,0.1111111111111111,60.2794780874214,0.0,1.0,1.0,1.0,0.0,0.0,1.0,0.0
0.7879024319247756,0.7147263499719543,0.7941477452624972,0.44444444444444436,83.02274123243734,0.0,0.0,1.0,0.0,0.0,1.0,1.0,0.0
0.7370012515183118,0.29469694011778813,0.9176697455942855,0.5555555555555556,77.62758722015242,0.0,0.0,1.0,0.0,0.0,0.0,0.0,0.0
0.40295041969793216,0.5265939348293753,0.5852957266846412,1.0,70.43096147971015,0.0,0.0,1.0,0.0,0.0,0.0,1.0,0.0
0.6063729362701702,0.3599758370121655,0.47563655211277966,0.5555555555555556,75.29038169457797,0.0,0.0,1.0,0.0,0.0,1.0,1.0,0.0
0.5520071027086357,0.7390093257849686,0.42809718559747356,0.44444444444444436,63.26792782785873,0.0,0.0,0.0,1.0,0.0,0.0,1.0,1.0
0.6725497040331692,0.19536261904324514,0.21501411047561314,0.6666666666666667,64.53083470500461,0.0,1.0,1.0,0.0,0.0,0.0,1.0,0.0
0.28362386768109366,0.3882156305456823,1.0000000000000004,0.6666666666666667,63.6971161648683,0.0,0.0,1.0,0.0,0.0,0.0,0.0,0.0
0.5587863544441845,0.5754423750129043,0.41459394620548284,0.7777777777777779,68.77943465417243,0.0,1.0,1.0,1.0,0.0,0.0,0.0,1.0
0.6208485255860423,0.8131048058468684,0.6185222840423443,0.1111111111111111,62.16388469090786,0.0,1.0,1.0,0.0,0.0,0.0,1.0,1.0
0.15132119670725874,0.48684994778540247,0.6056756016697138,0.22222222222222227,57.734080524609965,0.0,1.0,1.0,0.0,1.0,0.0,1.0,0.0
0.24723469233348194,0.3889600946613605,0.7407607793661142,0.7777777777777779,57.257728738633894,0.0,1.0,1.0,0.0,1.0,0.0,0.0,0.0
0.10457241481776097,0.8762314138881182,0.8582985531181264,1.0,65.29719115890519,0.0,1.0,0.0,1.0,0.0,0.0,0.0,0.0
0.3995433053703515,0.2103972199167512,0.8686426149312996,1.0,73.95499292157524,0.0,0.0,1.0,0.0,0.0,1.0,0.0,1.0
0.5640348204104382,0.060238808675983746,0.5348602482777709,0.44444444444444436,59.0191654628901,0.0,1.0,1.0,1.0,0.0,0.0,0.0,0.0
0.6948372864604491,0.5880028900106664,0.6310388337720778,0.5555555555555556,62.09907004775202,1.0,0.0,1.0,1.0,0.0,0.0,1.0,1.0
0.4567935745144069,0.3995891551294779,0.7350202610910319,0.3333333333333333,61.86935892539326,0.0,1.0,1.0,0.0,0.0,0.0,0.0,0.0
0.7158803687063264,0.29575343657385744,0.6121780987550038,0.7777777777777779,71.58304706761483,1.0,0.0,1.0,1.0,0.0,0.0,0.0,0.0
0.21442753474196252,0.6416712894598708,1.0000000000000004,0.5555555555555556,49.45162232958241,1.0,0.0,1.0,1.0,0.0,0.0,1.0,1.0
0.1605473712185853,0.5487601427542399,0.7832060059684842,0.22222222222222227,60.88336437497651,0.0,1.0,1.0,0.0,0.0,1.0,0.0,0.0
0.4351864946283413,0.3871842738526545,0.839601983266359,0.7777777777777779,63.95751586167226,0.0,1.0,1.0,0.0,0.0,0.0,1.0,0.0
0.5084553526009956,0.2439391202658212,0.8229547230177445,1.0,68.24791522341582,0.0,1.0,1.0,1.0,0.0,0.0,1.0,0.0
0.43899531976209555,0.674491465656029,0.9410155406253344,0.0,60.77153239445091,0.0,0.0,0.0,1.0,0.0,0.0,1.0,0.0
0.099870761104465,0.6300402355917321,0.7115376116527399,0.7777777777777779,65.51596988955971,0.0,0.0,1.0,0.0,1.0,0.0,1.0,0.0
0.42959110452564636,0.48016482724412346,0.36982369507512836,0.0,57.87048800997192,0.0,1.0,1.0,0.0,1.0,0.0,1.0,0.0
0.22703286102696885,0.8693273992095332,0.7620983399359824,0.22222222222222227,53.70856306182246,0.0,1.0,1.0,0.0,0.0,0.0,1.0,1.0
0.5560565359161174,0.2859830467347697,0.519072458783846,0.7777777777777779,65.54674418253569,0.0,1.0,1.0,1.0,0.0,0.0,1.0,1.0
0.5055441521272523,0.19489496581505228,0.5474528350454055,1.0,58.70119919296823,0.0,0.0,0.0,1.0,0.0,0.0,1.0,1.0
0.2877978133898852,0.3616183860237512,0.8052621648342289,0.8888888888888888,60.78183782625209,1.0,0.0,1.0,1.0,0.0,0.0,1.0,0.0
0.3587999582216622,0.49088279672890067,0.9560009300626482,0.3333333333333333,55.73581576967979,1.0,0.0,1.0,1.0,0.0,0.0,1.0,0.0
0.2679088574629525,0.5486678898645385,0.6745997204711189,0.6666666666666667,61.78163371756995,0.0,0.0,1.0,0.0,0.0,0.0,0.0,0.0
0.4339979282322491,0.451752788428734,0.74109057633917,0.8888888888888888,67.57199759894759,0.0,1.0,1.0,1.0,0.0,0.0,1.0,0.0
0.6036348311946509,0.5704110793028594,1.0000000000000004,0.5555555555555556,59.11504123478881,1.0,0.0,0.0,0.0,0.0,0.0,1.0,0.0
0.28015677005518713,0.24969211516191137,0.7253489440953307,0.3333333333333333,55.25664439430372,0.0,1.0,1.0,0.0,0.0,0.0,0.0,0.0
0.5284521970307519,0.7887529208146518,1.0000000000000004,0.1111111111111111,69.00907291790378,0.0,0.0,1.0,0.0,0.0,1.0,0.0,0.0
0.3560681747157043,0.48356976432148624,0.8004401513628623,0.7777777777777779,74.02276133115588,0.0,0.0,1.0,0.0,0.0,1.0,0.0,0.0
0.3122989724007204,0.7234591663176255,0.2625521598371696,1.0,64.52317867848319,0.0,0.0,0.0,0.0,0.0,0.0,1.0,0.0
0.4266060511186847,0.5685450692755409,0.8438712490380738,0.3333333333333333,58.98578306138423,0.0,1.0,1.0,0.0,0.0,0.0,1.0,1.0
0.27190405737454876,0.591350643830757,0.757813875448091,0.3333333333333333,59.446817631900295,0.0,1.0,1.0,0.0,0.0,0.0,0.0,0.0
0.352169560219914,0.613953456046441,0.9679019112923704,0.5555555555555556,64.0513771856016,0.0,0.0,1.0,0.0,0.0,0.0,1.0,1.0
0.24479812901296966,0.589541712003463,0.825336340377874,0.5555555555555556,64.67193691559949,0.0,0.0,1.0,0.0,1.0,0.0,1.0,1.0
0.7718986332638427,0.6285445519735089,0.6376670136006428,0.7777777777777779,70.91783488685972,0.0,1.0,1.0,0.0,0.0,0.0,1.0,0.0
0.45032170310639924,0.7658305060264863,0.38659516706864716,0.44444444444444436,71.2191526601422,0.0,0.0,1.0,0.0,1.0,0.0,0.0,0.0
0.32782352644568014,0.5393042339402943,0.62135022764476,0.5555555555555556,67.27118054088264,1.0,0.0,1.0,0.0,0.0,1.0,1.0,0.0
0.48010776290014806,0.6418007515177024,0.4730212365462463,0.5555555555555556,72.90633014826723,0.0,1.0,1.0,0.0,0.0,0.0,0.0,0.0
0.4257231028293062,0.48205286114255474,0.5354507895591518,1.0,67.36007003535764,0.0,1.0,1.0,0.0,0.0,0.0,0.0,0.0
0.40761617785557386,0.7880234430898945,0.8057741820234612,0.5555555555555556,65.74022062122977,0.0,1.0,1.0,1.0,0.0,0.0,1.0,1.0
0.5468055611183487,0.364721539588146,1.0000000000000004,0.3333333333333333,61.60846350232184,0.0,0.0,1.0,1.0,0.0,0.0,0.0,0.0
0.5706957294523287,0.8601880865821632,0.7609384271455291,0.6666666666666667,72.25327789916798,1.0,0.0,1.0,0.0,0.0,0.0,0.0,0.0
0.3560275865093565,0.49196840987113144,0.39316541265853555,0.3333333333333333,55.5847540224949,0.0,1.0,0.0,1.0,0.0,0.0,0.0,0.0
0.3484747376703311,0.2138449795763906,0.7724836613544586,0.44444444444444436,63.39977479400085,0.0,0.0,1.0,0.0,1.0,0.0,1.0,0.0
0.3986024949191705,0.5256208829821578,0.946370120171526,0.3333333333333333,68.61159144767386,0.0,0.0,1.0,1.0,0.0,0.0,0.0,0.0
0.06079091698851366,0.3637896685050239,0.5286853268430747,1.0,50.88856802130864,1.0,0.0,1.0,0.0,0.0,0.0,1.0,1.0
0.1919126007446857,0.6681287097977451,0.6386933708420268,0.1111111111111111,52.937621032347124,0.0,1.0,1.0,0.0,0.0,0.0,0.0,0.0
0.6722568223518652,0.36947520413952195,0.6730774902637577,0.44444444444444436,70.51709879321555,0.0,1.0,1.0,0.0,1.0,0.0,1.0,0.0
0.7186057300279916,0.4107633133570441,0.4881945935519907,0.3333333333333333,58.98734092139416,1.0,0.0,1.0,0.0,0.0,0.0,1.0,0.0
0.4029384378517146,0.12209185381089394,0.819578672258737,0.7777777777777779,68.25950029035377,0.0,0.0,1.0,0.0,1.0,0.0,0.0,1.0
0.5405372716204055,0.40953873615018477,0.6417152301323674,0.0,56.17017912912955,0.0,0.0,0.0,0.0,0.0,0.0,0.0,0.0
0.49631947020170036,0.0152241346742088,0.7666868455666229,0.44444444444444436,53.006610478280635,1.0,0.0,1.0,0.0,0.0,0.0,1.0,0.0
0.9575912458536506,0.18321943530285534,0.46447251881841334,0.3333333333333333,58.40643897058775,1.0,0.0,1.0,1.0,0.0,0.0,1.0,1.0
0.6310402630168739,0.6520829312288594,0.5685307615149124,0.44444444444444436,66.63529372226387,1.0,0.0,1.0,0.0,0.0,0.0,1.0,0.0
0.4231248458643167,0.6571600317301667,0.8367125199929402,0.22222222222222227,63.00291716564856,0.0,0.0,1.0,0.0,1.0,0.0,0.0,1.0
0.28518770434437346,0.5850915123569931,0.5834735907007085,0.7777777777777779,54.70168470528836,1.0,0.0,1.0,0.0,0.0,0.0,0.0,0.0
0.17670339106818234,0.30660477137415754,1.0000000000000004,0.5555555555555556,57.724834012968294,0.0,1.0,1.0,0.0,1.0,0.0,0.0,0.0
0.4783550504223149,0.4904577287716041,0.5772761093400889,0.3333333333333333,62.01194815031623,0.0,1.0,1.0,0.0,0.0,0.0,1.0,0.0
0.31838598689706055,0.4992794921818864,0.7216335458945173,0.44444444444444436,56.17812079206222,0.0,1.0,1.0,1.0,0.0,0.0,1.0,0.0
0.20740215951149876,0.2683270621614915,0.8853178129763486,0.3333333333333333,40.20040304814294,1.0,0.0,0.0,1.0,0.0,0.0,0.0,1.0
0.33668229707069003,0.8006796603534303,0.3417222726581479,1.0,73.43032526381735,0.0,1.0,1.0,0.0,0.0,0.0,0.0,0.0
0.26418644384204526,0.6754724581151343,0.26254151135874126,0.6666666666666667,64.40209101938262,0.0,0.0,1.0,0.0,1.0,0.0,1.0,0.0
0.7256347169565385,0.4558071652340674,0.31691420832844264,0.44444444444444436,68.02980683714563,0.0,0.0,1.0,0.0,1.0,0.0,0.0,1.0
0.5913844039360194,0.5053771677989063,0.9616198907931759,0.5555555555555556,72.5258275089497,0.0,0.0,1.0,0.0,0.0,0.0,1.0,0.0
0.44311567089167486,0.5416765615895107,0.5420788709120132,0.5555555555555556,58.85019638339705,1.0,0.0,1.0,0.0,0.0,0.0,1.0,0.0
0.6911018009261154,0.09165302631514183,1.0000000000000004,1.0,71.83036100389633,0.0,1.0,1.0,0.0,0.0,0.0,1.0,1.0
0.4573391623857141,0.4505645234958806,0.5392141428388424,0.7777777777777779,62.85025860193317,0.0,1.0,0.0,0.0,0.0,0.0,1.0,1.0
0.30089707755640044,0.36360315040044044,0.7123537702299596,0.8888888888888888,55.99672427890449,0.0,1.0,0.0,1.0,0.0,0.0,1.0,1.0
0.6982984573227207,0.29967599802101685,1.0000000000000004,0.6666666666666667,70.74904041019434,0.0,0.0,1.0,1.0,0.0,0.0,1.0,0.0
0.5342627850585542,0.4437799414228092,1.0000000000000004,0.22222222222222227,67.03203276159228,0.0,1.0,1.0,1.0,0.0,0.0,1.0,0.0
0.271570085390035,0.8595373053699047,1.0000000000000004,0.3333333333333333,57.41967670138478,1.0,0.0,1.0,1.0,0.0,0.0,0.0,0.0
0.41272133143050976,0.6281685722534023,0.94908346442132,0.5555555555555556,74.95059384712239,0.0,0.0,1.0,1.0,0.0,0.0,1.0,0.0
0.2985080688803182,0.38576420204344064,0.9064681845462088,0.3333333333333333,55.271003413682116,0.0,0.0,1.0,1.0,0.0,0.0,1.0,0.0
0.2139778226170551,0.6145165562712318,0.8066871769148163,0.7777777777777779,60.37541396432767,1.0,0.0,1.0,0.0,0.0,0.0,1.0,0.0
